-- --------------------------------------------------------
-- Hôte :                        127.0.0.1
-- Version du serveur:           8.0.20-0ubuntu0.20.04.1 - (Ubuntu)
-- SE du serveur:                Linux
-- HeidiSQL Version:             11.0.0.5919
-- --------------------------------------------------------

/*!40101 SET @OLD_CHARACTER_SET_CLIENT=@@CHARACTER_SET_CLIENT */;
/*!40101 SET NAMES utf8 */;
/*!50503 SET NAMES utf8mb4 */;
/*!40014 SET @OLD_FOREIGN_KEY_CHECKS=@@FOREIGN_KEY_CHECKS, FOREIGN_KEY_CHECKS=0 */;
/*!40101 SET @OLD_SQL_MODE=@@SQL_MODE, SQL_MODE='NO_AUTO_VALUE_ON_ZERO' */;


-- Listage de la structure de la base pour holywind_db_test
CREATE DATABASE IF NOT EXISTS `holywind_db_test` /*!40100 DEFAULT CHARACTER SET utf8mb4 COLLATE utf8mb4_0900_ai_ci */ /*!80016 DEFAULT ENCRYPTION='N' */;
USE `holywind_db_test`;

-- Listage de la structure de la table holywind_db_test. order
CREATE TABLE IF NOT EXISTS `order` (
  `email` varchar(50) DEFAULT NULL,
  `user_id` int DEFAULT NULL,
  `id` int NOT NULL AUTO_INCREMENT,
  PRIMARY KEY (`id`)
) ENGINE=InnoDB AUTO_INCREMENT=623 DEFAULT CHARSET=utf8mb4 COLLATE=utf8mb4_0900_ai_ci;

-- Listage des données de la table holywind_db_test.order : ~603 rows (environ)
/*!40000 ALTER TABLE `order` DISABLE KEYS */;
INSERT INTO `order` (`email`, `user_id`, `id`) VALUES
	('testcreateorder', 94, 1),
	('testcreateorder', 94, 2),
	('testcrevvvvvvvvvvvateorder', 94, 4),
	('testcrevvvvvvvvvvvateorder', 94, 8),
	('testcrevvvvvvvvvvvateorder', 5, 9),
	('testcrevvvvvvvvvvvateorder', 5, 10),
	('testcrevvvvvvvvvvvateorder', 5, 11),
	('testcrevvvvvvvvvvvateorder', 5, 12),
	('testcrevvvvvvvvvvvateorder', 5, 13),
	('testcrevvvvvvvvvvvateorder', 5, 14),
	('testcrevvvvvvvvvvvateorder', 5, 15),
	('testcrevvvvvvvvvvvateorder', 5, 16),
	('testcrevvvvvvvvvvvateorder', 5, 17),
	('testcrevvvvvvvvvvvateorder', 5, 18),
	('testcrevvvvvvvvvvvateorder', 5, 19),
	('testcrevvvvvvvvvvvateorder', 5, 20),
	('testcrevvvvvvvvvvvateorder', 5, 21),
	('testcrevvvvvvvvvvvateorder', 5, 22),
	('testcrevvvvvvvvvvvateorder', 5, 23),
	('testcrevvvvvvvvvvvateorder', 5, 24),
	('testcrevvvvvvvvvvvateorder', 5, 25),
	('testcrevvvvvvvvvvvateorder', 5, 26),
	('testcrevvvvvvvvvvvateorder', 5, 27),
	('testcrevvvvvvvvvvvateorder', 5, 28),
	('testcrevvvvvvvvvvvateorder', 5, 29),
	('testcrevvvvvvvvvvvateorder', 5, 30),
	('testcrevvvvvvvvvvvateorder', 5, 31),
	('testcrevvvvvvvvvvvateorder', 5, 32),
	('testcrevvvvvvvvvvvateorder', 5, 33),
	('testcrevvvvvvvvvvvateorder', 5, 34),
	('testcrevvvvvvvvvvvateorder', 5, 35),
	('testcrevvvvvvvvvvvateorder', 5, 36),
	('testcrevvvvvvvvvvvateorder', 5, 37),
	('testcrevvvvvvvvvvvateorder', 5, 38),
	('testcrevvvvvvvvvvvateorder', 5, 39),
	('testcrevvvvvvvvvvvateorder', 5, 40),
	('testcrevvvvvvvvvvvateorder', 5, 41),
	('testcrevvvvvvvvvvvateorder', 5, 42),
	('testcrevvvvvvvvvvvateorder', 5, 43),
	('testcrevvvvvvvvvvvateorder', 5, 44),
	('testcrevvvvvvvvvvvateorder', 5, 45),
	('testcrevvvvvvvvvvvateorder', 5, 46),
	('testcrevvvvvvvvvvvateorder', 5, 47),
	('testcrevvvvvvvvvvvateorder', 5, 48),
	('testcrevvvvvvvvvvvateorder', 5, 49),
	('testcrevvvvvvvvvvvateorder', 5, 50),
	('testcrevvvvvvvvvvvateorder', 5, 51),
	('testcrevvvvvvvvvvvateorder', 5, 52),
	('testcrevvvvvvvvvvvateorder', 5, 53),
	('testcrevvvvvvvvvvvateorder', 5, 54),
	('testcrevvvvvvvvvvvateorder', 5, 55),
	('testcrevvvvvvvvvvvateorder', 5, 56),
	('testcrevvvvvvvvvvvateorder', 5, 57),
	('testcrevvvvvvvvvvvateorder', 5, 58),
	('testcrevvvvvvvvvvvateorder', 5, 59),
	('testcrevvvvvvvvvvvateorder', 5, 60),
	('testcrevvvvvvvvvvvateorder', 5, 61),
	('testcrevvvvvvvvvvvateorder', 5, 62),
	('testcrevvvvvvvvvvvateorder', 5, 63),
	('testcrevvvvvvvvvvvateorder', 5, 64),
	('testcrevvvvvvvvvvvateorder', 5, 65),
	('testcrevvvvvvvvvvvateorder', 5, 66),
	('testcrevvvvvvvvvvvateorder', 5, 78),
	('testcrevvvvvvvvvvvateorder', 5, 79),
	('testcrevvvvvvvvvvvateorder', 5, 80),
	('testcrevvvvvvvvvvvateorder', 5, 81),
	('testcrevvvvvvvvvvvateorder', 5, 82),
	('testcrevvvvvvvvvvvateorder', 5, 83),
	('testcrevvvvvvvvvvvateorder', 5, 84),
	('testcrevvvvvvvvvvvateorder', 5, 85),
	('testcrevvvvvvvvvvvateorder', 5, 86),
	('testcrevvvvvvvvvvvateorder', 5, 87),
	('testcrevvvvvvvvvvvateorder', 5, 88),
	('testcrevvvvvvvvvvvateorder', 5, 89),
	('testcrevvvvvvvvvvvateorder', 5, 90),
	('testcrevvvvvvvvvvvateorder', 5, 91),
	('testcrevvvvvvvvvvvateorder', 5, 92),
	('testcrevvvvvvvvvvvateorder', 5, 93),
	('testcrevvvvvvvvvvvateorder', 5, 94),
	('testcrevvvvvvvvvvvateorder', 5, 95),
	('testcrevvvvvvvvvvvateorder', 5, 96),
	('testcrevvvvvvvvvvvateorder', 5, 97),
	('testcrevvvvvvvvvvvateorder', 5, 98),
	('testcrevvvvvvvvvvvateorder', 5, 99),
	('testcrevvvvvvvvvvvateorder', 5, 100),
	('testcrevvvvvvvvvvvateorder', 5, 101),
	('testcrevvvvvvvvvvvateorder', 5, 102),
	('testcrevvvvvvvvvvvateorder', 5, 103),
	('testcrevvvvvvvvvvvateorder', 5, 104),
	('testcrevvvvvvvvvvvateorder', 5, 105),
	('testcrevvvvvvvvvvvateorder', 5, 106),
	('testcrevvvvvvvvvvvateorder', 5, 107),
	('testcrevvvvvvvvvvvateorder', 5, 108),
	('testcrevvvvvvvvvvvateorder', 5, 109),
	('testcrevvvvvvvvvvvateorder', 5, 110),
	('testcrevvvvvvvvvvvateorder', 5, 111),
	('testcrevvvvvvvvvvvateorder', 5, 112),
	('testcrevvvvvvvvvvvateorder', 5, 114),
	('testcrevvvvvvvvvvvateorder', 5, 115),
	('testcrevvvvvvvvvvvateorder', 5, 116),
	('testcrevvvvvvvvvvvateorder', 5, 117),
	('testcrevvvvvvvvvvvateorder', 5, 118),
	('testcrevvvvvvvvvvvateorder', 5, 119),
	('testcrevvvvvvvvvvvateorder', 5, 120),
	('testcrevvvvvvvvvvvateorder', 5, 121),
	('testcrevvvvvvvvvvvateorder', 5, 122),
	('testcrevvvvvvvvvvvateorder', 5, 123),
	('testcrevvvvvvvvvvvateorder', 5, 124),
	('testcrevvvvvvvvvvvateorder', 5, 125),
	('testcrevvvvvvvvvvvateorder', 5, 126),
	('testcrevvvvvvvvvvvateorder', 5, 127),
	('testcrevvvvvvvvvvvateorder', 5, 128),
	('testcrevvvvvvvvvvvateorder', 5, 129),
	('testcrevvvvvvvvvvvateorder', 5, 130),
	('testcrevvvvvvvvvvvateorder', 5, 131),
	('testcrevvvvvvvvvvvateorder', 5, 132),
	('testcrevvvvvvvvvvvateorder', 5, 133),
	('testcrevvvvvvvvvvvateorder', 5, 134),
	('testcrevvvvvvvvvvvateorder', 5, 135),
	('testcrevvvvvvvvvvvateorder', 5, 136),
	('testcrevvvvvvvvvvvateorder', 5, 137),
	('testcrevvvvvvvvvvvateorder', 5, 138),
	('testcrevvvvvvvvvvvateorder', 5, 139),
	('testcrevvvvvvvvvvvateorder', 5, 140),
	('testcrevvvvvvvvvvvateorder', 5, 141),
	('testcrevvvvvvvvvvvateorder', 5, 142),
	('testcrevvvvvvvvvvvateorder', 5, 143),
	('testcrevvvvvvvvvvvateorder', 5, 144),
	('testcrevvvvvvvvvvvateorder', 5, 145),
	('testcrevvvvvvvvvvvateorder', 5, 146),
	('testcrevvvvvvvvvvvateorder', 5, 147),
	('testcrevvvvvvvvvvvateorder', 5, 148),
	('testcrevvvvvvvvvvvateorder', 5, 149),
	('testcrevvvvvvvvvvvateorder', 5, 150),
	('testcrevvvvvvvvvvvateorder', 5, 151),
	('testcrevvvvvvvvvvvateorder', 5, 152),
	('testcrevvvvvvvvvvvateorder', 5, 153),
	('testcrevvvvvvvvvvvateorder', 5, 154),
	('testcrevvvvvvvvvvvateorder', 5, 155),
	('testcrevvvvvvvvvvvateorder', 5, 156),
	('testcrevvvvvvvvvvvateorder', 5, 157),
	('testcrevvvvvvvvvvvateorder', 5, 158),
	('testcrevvvvvvvvvvvateorder', 5, 159),
	('testcrevvvvvvvvvvvateorder', 5, 160),
	('testcrevvvvvvvvvvvateorder', 5, 161),
	('testcrevvvvvvvvvvvateorder', 5, 162),
	('testcrevvvvvvvvvvvateorder', 5, 163),
	('testcrevvvvvvvvvvvateorder', 5, 164),
	('testcrevvvvvvvvvvvateorder', 5, 165),
	('testcrevvvvvvvvvvvateorder', 5, 166),
	('testcrevvvvvvvvvvvateorder', 5, 167),
	('testcrevvvvvvvvvvvateorder', 5, 168),
	('testcrevvvvvvvvvvvateorder', 5, 169),
	('testcrevvvvvvvvvvvateorder', 5, 170),
	('testcrevvvvvvvvvvvateorder', 5, 171),
	('testcrevvvvvvvvvvvateorder', 5, 172),
	('testcrevvvvvvvvvvvateorder', 5, 173),
	('testcrevvvvvvvvvvvateorder', 5, 174),
	('testcrevvvvvvvvvvvateorder', 5, 175),
	('testcrevvvvvvvvvvvateorder', 5, 176),
	('testcrevvvvvvvvvvvateorder', 5, 177),
	('testcrevvvvvvvvvvvateorder', 5, 178),
	('testcrevvvvvvvvvvvateorder', 5, 179),
	('testcrevvvvvvvvvvvateorder', 5, 180),
	('testcrevvvvvvvvvvvateorder', 5, 181),
	('testcrevvvvvvvvvvvateorder', 5, 182),
	('testcrevvvvvvvvvvvateorder', 5, 183),
	('testcrevvvvvvvvvvvateorder', 5, 184),
	('testcrevvvvvvvvvvvateorder', 5, 185),
	('testcrevvvvvvvvvvvateorder', 5, 186),
	('testcrevvvvvvvvvvvateorder', 5, 187),
	('testcrevvvvvvvvvvvateorder', 5, 188),
	('testcrevvvvvvvvvvvateorder', 5, 189),
	('testcrevvvvvvvvvvvateorder', 5, 190),
	('testcrevvvvvvvvvvvateorder', 5, 191),
	('testcrevvvvvvvvvvvateorder', 5, 192),
	('testcrevvvvvvvvvvvateorder', 5, 193),
	('testcrevvvvvvvvvvvateorder', 5, 194),
	('testcrevvvvvvvvvvvateorder', 5, 195),
	('testcrevvvvvvvvvvvateorder', 5, 196),
	('testcrevvvvvvvvvvvateorder', 5, 197),
	('testcrevvvvvvvvvvvateorder', 5, 198),
	('testcrevvvvvvvvvvvateorder', 5, 199),
	('testcrevvvvvvvvvvvateorder', 5, 200),
	('testcrevvvvvvvvvvvateorder', 5, 201),
	('testcrevvvvvvvvvvvateorder', 5, 202),
	('testcrevvvvvvvvvvvateorder', 5, 203),
	('testcrevvvvvvvvvvvateorder', 5, 204),
	('testcrevvvvvvvvvvvateorder', 5, 205),
	('testcrevvvvvvvvvvvateorder', 5, 206),
	('testcrevvvvvvvvvvvateorder', 5, 207),
	('testcrevvvvvvvvvvvateorder', 5, 208),
	('testcrevvvvvvvvvvvateorder', 5, 209),
	('testcrevvvvvvvvvvvateorder', 5, 210),
	('testcrevvvvvvvvvvvateorder', 5, 211),
	('testcrevvvvvvvvvvvateorder', 5, 212),
	('testcrevvvvvvvvvvvateorder', 5, 213),
	('testcrevvvvvvvvvvvateorder', 5, 214),
	('testcrevvvvvvvvvvvateorder', 5, 215),
	('testcrevvvvvvvvvvvateorder', 5, 216),
	('testcrevvvvvvvvvvvateorder', 5, 217),
	('testcrevvvvvvvvvvvateorder', 5, 218),
	('testcrevvvvvvvvvvvateorder', 5, 219),
	('testcrevvvvvvvvvvvateorder', 5, 220),
	('testcrevvvvvvvvvvvateorder', 5, 221),
	('testcrevvvvvvvvvvvateorder', 5, 222),
	('testcrevvvvvvvvvvvateorder', 5, 223),
	('testcrevvvvvvvvvvvateorder', 5, 224),
	('testcrevvvvvvvvvvvateorder', 5, 225),
	('testcrevvvvvvvvvvvateorder', 5, 226),
	('testcrevvvvvvvvvvvateorder', 5, 227),
	('testcrevvvvvvvvvvvateorder', 5, 228),
	('testcrevvvvvvvvvvvateorder', 5, 229),
	('testcrevvvvvvvvvvvateorder', 5, 230),
	('testcrevvvvvvvvvvvateorder', 5, 231),
	('testcrevvvvvvvvvvvateorder', 5, 232),
	('testcrevvvvvvvvvvvateorder', 5, 233),
	('testcrevvvvvvvvvvvateorder', 5, 234),
	('testcrevvvvvvvvvvvateorder', 5, 235),
	('testcrevvvvvvvvvvvateorder', 5, 236),
	('testcrevvvvvvvvvvvateorder', 5, 237),
	('testcrevvvvvvvvvvvateorder', 5, 238),
	('testcrevvvvvvvvvvvateorder', 5, 239),
	('testcrevvvvvvvvvvvateorder', 5, 240),
	('testcrevvvvvvvvvvvateorder', 5, 241),
	('testcrevvvvvvvvvvvateorder', 5, 242),
	('testcrevvvvvvvvvvvateorder', 5, 243),
	('testcrevvvvvvvvvvvateorder', 5, 244),
	('testcrevvvvvvvvvvvateorder', 5, 245),
	('testcrevvvvvvvvvvvateorder', 5, 246),
	('testcrevvvvvvvvvvvateorder', 5, 247),
	('testcrevvvvvvvvvvvateorder', 5, 248),
	('testcrevvvvvvvvvvvateorder', 5, 249),
	('testcrevvvvvvvvvvvateorder', 5, 250),
	('testcrevvvvvvvvvvvateorder', 5, 251),
	('testcrevvvvvvvvvvvateorder', 5, 252),
	('testcrevvvvvvvvvvvateorder', 5, 253),
	('testcrevvvvvvvvvvvateorder', 5, 254),
	('testcrevvvvvvvvvvvateorder', 5, 255),
	('testcrevvvvvvvvvvvateorder', 5, 256),
	('testcrevvvvvvvvvvvateorder', 5, 257),
	('testcrevvvvvvvvvvvateorder', 5, 258),
	('testcrevvvvvvvvvvvateorder', 5, 259),
	('testcrevvvvvvvvvvvateorder', 5, 260),
	('testcrevvvvvvvvvvvateorder', 5, 261),
	('testcrevvvvvvvvvvvateorder', 5, 262),
	('testcrevvvvvvvvvvvateorder', 5, 263),
	('testcrevvvvvvvvvvvateorder', 5, 264),
	('testcrevvvvvvvvvvvateorder', 5, 265),
	('testcrevvvvvvvvvvvateorder', 5, 266),
	('testcrevvvvvvvvvvvateorder', 5, 267),
	('testcrevvvvvvvvvvvateorder', 5, 268),
	('testcrevvvvvvvvvvvateorder', 5, 269),
	('testcrevvvvvvvvvvvateorder', 5, 270),
	('testcrevvvvvvvvvvvateorder', 5, 271),
	('testcrevvvvvvvvvvvateorder', 5, 272),
	('testcrevvvvvvvvvvvateorder', 5, 273),
	('testcrevvvvvvvvvvvateorder', 5, 274),
	('testcrevvvvvvvvvvvateorder', 5, 275),
	('testcrevvvvvvvvvvvateorder', 5, 276),
	('testcrevvvvvvvvvvvateorder', 5, 277),
	('testcrevvvvvvvvvvvateorder', 5, 278),
	('testcrevvvvvvvvvvvateorder', 5, 279),
	('testcrevvvvvvvvvvvateorder', 5, 280),
	('testcrevvvvvvvvvvvateorder', 5, 281),
	('testcrevvvvvvvvvvvateorder', 5, 282),
	('testcrevvvvvvvvvvvateorder', 5, 283),
	('testcrevvvvvvvvvvvateorder', 5, 284),
	('testcrevvvvvvvvvvvateorder', 5, 285),
	('testcrevvvvvvvvvvvateorder', 5, 286),
	('testcrevvvvvvvvvvvateorder', 5, 287),
	('testcrevvvvvvvvvvvateorder', 5, 288),
	('testcrevvvvvvvvvvvateorder', 5, 289),
	('testcrevvvvvvvvvvvateorder', 5, 290),
	('testcrevvvvvvvvvvvateorder', 5, 291),
	('testcrevvvvvvvvvvvateorder', 5, 292),
	('testcrevvvvvvvvvvvateorder', 5, 293),
	('testcrevvvvvvvvvvvateorder', 5, 294),
	('testcrevvvvvvvvvvvateorder', 5, 295),
	('testcrevvvvvvvvvvvateorder', 5, 296),
	('testcrevvvvvvvvvvvateorder', 5, 297),
	('testcrevvvvvvvvvvvateorder', 5, 298),
	('testcrevvvvvvvvvvvateorder', 5, 299),
	('testcrevvvvvvvvvvvateorder', 5, 300),
	('testcrevvvvvvvvvvvateorder', 5, 301),
	('testcrevvvvvvvvvvvateorder', 5, 302),
	('testcrevvvvvvvvvvvateorder', 5, 303),
	('testcrevvvvvvvvvvvateorder', 5, 304),
	('testcrevvvvvvvvvvvateorder', 5, 305),
	('testcrevvvvvvvvvvvateorder', 5, 306),
	('testcrevvvvvvvvvvvateorder', 5, 307),
	('testcrevvvvvvvvvvvateorder', 5, 308),
	('testcrevvvvvvvvvvvateorder', 5, 309),
	('testcrevvvvvvvvvvvateorder', 5, 310),
	('testcrevvvvvvvvvvvateorder', 5, 311),
	('testcrevvvvvvvvvvvateorder', 5, 312),
	('testcrevvvvvvvvvvvateorder', 5, 313),
	('testcrevvvvvvvvvvvateorder', 5, 314),
	('testcrevvvvvvvvvvvateorder', 5, 315),
	('testcrevvvvvvvvvvvateorder', 5, 316),
	('testcrevvvvvvvvvvvateorder', 5, 317),
	('testcrevvvvvvvvvvvateorder', 5, 318),
	('testcrevvvvvvvvvvvateorder', 5, 319),
	('testcrevvvvvvvvvvvateorder', 5, 320),
	('testcrevvvvvvvvvvvateorder', 5, 321),
	('testcrevvvvvvvvvvvateorder', 5, 322),
	('testcrevvvvvvvvvvvateorder', 5, 323),
	('testcrevvvvvvvvvvvateorder', 5, 324),
	('testcrevvvvvvvvvvvateorder', 5, 325),
	('testcrevvvvvvvvvvvateorder', 5, 326),
	('testcrevvvvvvvvvvvateorder', 5, 327),
	('testcrevvvvvvvvvvvateorder', 5, 328),
	('testcrevvvvvvvvvvvateorder', 5, 329),
	('testcrevvvvvvvvvvvateorder', 5, 330),
	('testcrevvvvvvvvvvvateorder', 5, 331),
	('testcrevvvvvvvvvvvateorder', 5, 332),
	('testcrevvvvvvvvvvvateorder', 5, 333),
	('testcrevvvvvvvvvvvateorder', 5, 334),
	('testcrevvvvvvvvvvvateorder', 5, 335),
	('testcrevvvvvvvvvvvateorder', 5, 336),
	('testcrevvvvvvvvvvvateorder', 5, 337),
	('testcrevvvvvvvvvvvateorder', 5, 338),
	('testcrevvvvvvvvvvvateorder', 5, 339),
	('testcrevvvvvvvvvvvateorder', 5, 340),
	('testcrevvvvvvvvvvvateorder', 5, 341),
	('testcrevvvvvvvvvvvateorder', 5, 342),
	('testcrevvvvvvvvvvvateorder', 5, 343),
	('testcrevvvvvvvvvvvateorder', 5, 344),
	('testcrevvvvvvvvvvvateorder', 5, 345),
	('testcrevvvvvvvvvvvateorder', 5, 346),
	('testcrevvvvvvvvvvvateorder', 5, 347),
	('testcrevvvvvvvvvvvateorder', 5, 348),
	('testcrevvvvvvvvvvvateorder', 5, 349),
	('testcrevvvvvvvvvvvateorder', 5, 350),
	('testcrevvvvvvvvvvvateorder', 5, 351),
	('testcrevvvvvvvvvvvateorder', 5, 352),
	('testcrevvvvvvvvvvvateorder', 5, 353),
	('testcrevvvvvvvvvvvateorder', 5, 354),
	('testcrevvvvvvvvvvvateorder', 5, 355),
	('testcrevvvvvvvvvvvateorder', 5, 356),
	('testcrevvvvvvvvvvvateorder', 5, 357),
	('testcrevvvvvvvvvvvateorder', 5, 358),
	('testcrevvvvvvvvvvvateorder', 5, 359),
	('testcrevvvvvvvvvvvateorder', 5, 360),
	('testcrevvvvvvvvvvvateorder', 5, 361),
	('testcrevvvvvvvvvvvateorder', 5, 362),
	('testcrevvvvvvvvvvvateorder', 5, 363),
	('testcrevvvvvvvvvvvateorder', 5, 364),
	('testcrevvvvvvvvvvvateorder', 5, 365),
	('testcrevvvvvvvvvvvateorder', 5, 366),
	('testcrevvvvvvvvvvvateorder', 5, 367),
	('testcrevvvvvvvvvvvateorder', 5, 368),
	('testcrevvvvvvvvvvvateorder', 5, 369),
	('testcrevvvvvvvvvvvateorder', 5, 370),
	('testcrevvvvvvvvvvvateorder', 5, 371),
	('testcrevvvvvvvvvvvateorder', 5, 372),
	('testcrevvvvvvvvvvvateorder', 5, 373),
	('testcrevvvvvvvvvvvateorder', 5, 374),
	('testcrevvvvvvvvvvvateorder', 5, 375),
	('testcrevvvvvvvvvvvateorder', 5, 376),
	('testcrevvvvvvvvvvvateorder', 5, 377),
	('testcrevvvvvvvvvvvateorder', 5, 378),
	('testcrevvvvvvvvvvvateorder', 5, 379),
	('testcrevvvvvvvvvvvateorder', 5, 380),
	('testcrevvvvvvvvvvvateorder', 5, 381),
	('testcrevvvvvvvvvvvateorder', 5, 382),
	('testcrevvvvvvvvvvvateorder', 5, 383),
	('testcrevvvvvvvvvvvateorder', 5, 384),
	('testcrevvvvvvvvvvvateorder', 5, 385),
	('testcrevvvvvvvvvvvateorder', 5, 386),
	('testcrevvvvvvvvvvvateorder', 5, 388),
	('testcrevvvvvvvvvvvateorder', 5, 389),
	('testcrevvvvvvvvvvvateorder', 5, 390),
	('testcrevvvvvvvvvvvateorder', 5, 391),
	('testcrevvvvvvvvvvvateorder', 5, 392),
	('testcrevvvvvvvvvvvateorder', 5, 393),
	('testcrevvvvvvvvvvvateorder', 5, 394),
	('testcrevvvvvvvvvvvateorder', 5, 395),
	('testcrevvvvvvvvvvvateorder', 5, 396),
	('testcrevvvvvvvvvvvateorder', 5, 397),
	('testcrevvvvvvvvvvvateorder', 5, 398),
	('testcrevvvvvvvvvvvateorder', 5, 399),
	('testcrevvvvvvvvvvvateorder', 5, 400),
	('testcrevvvvvvvvvvvateorder', 5, 401),
	('testcrevvvvvvvvvvvateorder', 5, 402),
	('testcrevvvvvvvvvvvateorder', 5, 403),
	('testcrevvvvvvvvvvvateorder', 5, 404),
	('testcrevvvvvvvvvvvateorder', 5, 405),
	('testcrevvvvvvvvvvvateorder', 5, 406),
	('testcrevvvvvvvvvvvateorder', 5, 407),
	('testcrevvvvvvvvvvvateorder', 5, 408),
	('testcrevvvvvvvvvvvateorder', 5, 409),
	('testcrevvvvvvvvvvvateorder', 5, 410),
	('testcrevvvvvvvvvvvateorder', 5, 411),
	('testcrevvvvvvvvvvvateorder', 5, 412),
	('testcrevvvvvvvvvvvateorder', 5, 413),
	('testcrevvvvvvvvvvvateorder', 5, 414),
	('testcrevvvvvvvvvvvateorder', 5, 415),
	('testcrevvvvvvvvvvvateorder', 5, 416),
	('testcrevvvvvvvvvvvateorder', 5, 417),
	('testcrevvvvvvvvvvvateorder', 5, 418),
	('testcrevvvvvvvvvvvateorder', 5, 419),
	('testcrevvvvvvvvvvvateorder', 5, 420),
	('testcrevvvvvvvvvvvateorder', 5, 421),
	('testcrevvvvvvvvvvvateorder', 5, 422),
	('testcrevvvvvvvvvvvateorder', 5, 423),
	('testcrevvvvvvvvvvvateorder', 5, 424),
	('testcrevvvvvvvvvvvateorder', 5, 425),
	('testcrevvvvvvvvvvvateorder', 5, 426),
	('testcrevvvvvvvvvvvateorder', 5, 427),
	('testcrevvvvvvvvvvvateorder', 5, 428),
	('testcrevvvvvvvvvvvateorder', 5, 429),
	('testcrevvvvvvvvvvvateorder', 5, 430),
	('testcrevvvvvvvvvvvateorder', 5, 431),
	('testcrevvvvvvvvvvvateorder', 5, 432),
	('testcrevvvvvvvvvvvateorder', 5, 433),
	('testcrevvvvvvvvvvvateorder', 5, 434),
	('testcrevvvvvvvvvvvateorder', 5, 435),
	('testcrevvvvvvvvvvvateorder', 5, 436),
	('testcrevvvvvvvvvvvateorder', 5, 437),
	('testcrevvvvvvvvvvvateorder', 5, 438),
	('testcrevvvvvvvvvvvateorder', 5, 439),
	('testcrevvvvvvvvvvvateorder', 5, 440),
	('testcrevvvvvvvvvvvateorder', 5, 441),
	('testcrevvvvvvvvvvvateorder', 5, 442),
	('testcrevvvvvvvvvvvateorder', 5, 443),
	('testcrevvvvvvvvvvvateorder', 5, 444),
	('testcrevvvvvvvvvvvateorder', 5, 445),
	('testcrevvvvvvvvvvvateorder', 5, 446),
	('testcrevvvvvvvvvvvateorder', 5, 447),
	('testcrevvvvvvvvvvvateorder', 5, 448),
	('testcrevvvvvvvvvvvateorder', 5, 449),
	('testcrevvvvvvvvvvvateorder', 5, 450),
	('testcrevvvvvvvvvvvateorder', 5, 451),
	('testcrevvvvvvvvvvvateorder', 5, 452),
	('testcrevvvvvvvvvvvateorder', 5, 453),
	('testcrevvvvvvvvvvvateorder', 5, 454),
	('testcrevvvvvvvvvvvateorder', 5, 455),
	('testcrevvvvvvvvvvvateorder', 5, 456),
	('testcrevvvvvvvvvvvateorder', 5, 457),
	('testcrevvvvvvvvvvvateorder', 5, 458),
	('testcrevvvvvvvvvvvateorder', 5, 459),
	('testcrevvvvvvvvvvvateorder', 5, 460),
	('testcrevvvvvvvvvvvateorder', 5, 461),
	('testcrevvvvvvvvvvvateorder', 5, 462),
	('testcrevvvvvvvvvvvateorder', 5, 463),
	('testcrevvvvvvvvvvvateorder', 5, 464),
	('testcrevvvvvvvvvvvateorder', 5, 465),
	('testcrevvvvvvvvvvvateorder', 5, 466),
	('testcrevvvvvvvvvvvateorder', 5, 467),
	('testcrevvvvvvvvvvvateorder', 5, 468),
	('testcrevvvvvvvvvvvateorder', 5, 469),
	('testcrevvvvvvvvvvvateorder', 5, 470),
	('testcrevvvvvvvvvvvateorder', 5, 471),
	('testcrevvvvvvvvvvvateorder', 5, 472),
	('testcrevvvvvvvvvvvateorder', 5, 473),
	('testcrevvvvvvvvvvvateorder', 5, 474),
	('testcrevvvvvvvvvvvateorder', 5, 475),
	('testcrevvvvvvvvvvvateorder', 5, 476),
	('testcrevvvvvvvvvvvateorder', 5, 477),
	('testcrevvvvvvvvvvvateorder', 5, 478),
	('testcrevvvvvvvvvvvateorder', 5, 479),
	('testcrevvvvvvvvvvvateorder', 5, 480),
	('testcrevvvvvvvvvvvateorder', 5, 481),
	('testcrevvvvvvvvvvvateorder', 5, 482),
	('testcrevvvvvvvvvvvateorder', 5, 483),
	('testcrevvvvvvvvvvvateorder', 5, 484),
	('testcrevvvvvvvvvvvateorder', 5, 485),
	('testcrevvvvvvvvvvvateorder', 5, 486),
	('testcrevvvvvvvvvvvateorder', 5, 487),
	('testcrevvvvvvvvvvvateorder', 5, 488),
	('testcrevvvvvvvvvvvateorder', 5, 489),
	('testcrevvvvvvvvvvvateorder', 5, 490),
	('testcrevvvvvvvvvvvateorder', 5, 491),
	('testcrevvvvvvvvvvvateorder', 5, 492),
	('testcrevvvvvvvvvvvateorder', 5, 493),
	('testcrevvvvvvvvvvvateorder', 5, 494),
	('testcrevvvvvvvvvvvateorder', 5, 495),
	('testcrevvvvvvvvvvvateorder', 5, 496),
	('testcrevvvvvvvvvvvateorder', 5, 497),
	('testcrevvvvvvvvvvvateorder', 5, 498),
	('testcrevvvvvvvvvvvateorder', 5, 499),
	('testcrevvvvvvvvvvvateorder', 5, 500),
	('testcrevvvvvvvvvvvateorder', 5, 501),
	('testcrevvvvvvvvvvvateorder', 5, 502),
	('testcrevvvvvvvvvvvateorder', 5, 503),
	('testcrevvvvvvvvvvvateorder', 5, 504),
	('testcrevvvvvvvvvvvateorder', 5, 505),
	('testcrevvvvvvvvvvvateorder', 5, 506),
	('testcrevvvvvvvvvvvateorder', 5, 507),
	('testcrevvvvvvvvvvvateorder', 5, 508),
	('testcrevvvvvvvvvvvateorder', 5, 509),
	('testcrevvvvvvvvvvvateorder', 5, 510),
	('testcrevvvvvvvvvvvateorder', 5, 511),
	('testcrevvvvvvvvvvvateorder', 5, 512),
	('testcrevvvvvvvvvvvateorder', 5, 513),
	('testcrevvvvvvvvvvvateorder', 5, 514),
	('testcrevvvvvvvvvvvateorder', 5, 515),
	('testcrevvvvvvvvvvvateorder', 5, 516),
	('testcrevvvvvvvvvvvateorder', 5, 517),
	('testcrevvvvvvvvvvvateorder', 5, 518),
	('testcrevvvvvvvvvvvateorder', 5, 519),
	('testcrevvvvvvvvvvvateorder', 5, 520),
	('testcrevvvvvvvvvvvateorder', 5, 521),
	('testcrevvvvvvvvvvvateorder', 5, 522),
	('testcrevvvvvvvvvvvateorder', 5, 523),
	('testcrevvvvvvvvvvvateorder', 5, 524),
	('testcrevvvvvvvvvvvateorder', 5, 525),
	('testcrevvvvvvvvvvvateorder', 5, 526),
	('testcrevvvvvvvvvvvateorder', 5, 527),
	('testcrevvvvvvvvvvvateorder', 5, 528),
	('testcrevvvvvvvvvvvateorder', 5, 529),
	('testcrevvvvvvvvvvvateorder', 5, 530),
	('testcrevvvvvvvvvvvateorder', 5, 531),
	('testcrevvvvvvvvvvvateorder', 5, 532),
	('testcrevvvvvvvvvvvateorder', 5, 533),
	('testcrevvvvvvvvvvvateorder', 5, 534),
	('testcrevvvvvvvvvvvateorder', 5, 535),
	('testcrevvvvvvvvvvvateorder', 5, 536),
	('testcrevvvvvvvvvvvateorder', 5, 537),
	('testcrevvvvvvvvvvvateorder', 5, 538),
	('testcrevvvvvvvvvvvateorder', 5, 539),
	('testcrevvvvvvvvvvvateorder', 5, 540),
	('testcrevvvvvvvvvvvateorder', 5, 541),
	('testcrevvvvvvvvvvvateorder', 5, 542),
	('testcrevvvvvvvvvvvateorder', 5, 543),
	('testcrevvvvvvvvvvvateorder', 5, 544),
	('testcrevvvvvvvvvvvateorder', 5, 545),
	('testcrevvvvvvvvvvvateorder', 5, 546),
	('testcrevvvvvvvvvvvateorder', 5, 547),
	('testcrevvvvvvvvvvvateorder', 5, 548),
	('testcrevvvvvvvvvvvateorder', 5, 549),
	('testcrevvvvvvvvvvvateorder', 5, 550),
	('testcrevvvvvvvvvvvateorder', 5, 551),
	('testcrevvvvvvvvvvvateorder', 5, 552),
	('testcrevvvvvvvvvvvateorder', 5, 553),
	('testcrevvvvvvvvvvvateorder', 5, 554),
	('testcrevvvvvvvvvvvateorder', 5, 555),
	('testcrevvvvvvvvvvvateorder', 5, 556),
	('testcrevvvvvvvvvvvateorder', 5, 557),
	('testcrevvvvvvvvvvvateorder', 5, 558),
	('testcrevvvvvvvvvvvateorder', 5, 559),
	('testcrevvvvvvvvvvvateorder', 5, 560),
	('testcrevvvvvvvvvvvateorder', 5, 561),
	('testcrevvvvvvvvvvvateorder', 5, 562),
	('testcrevvvvvvvvvvvateorder', 5, 563),
	('testcrevvvvvvvvvvvateorder', 5, 564),
	('testcrevvvvvvvvvvvateorder', 5, 565),
	('testcrevvvvvvvvvvvateorder', 5, 566),
	('testcrevvvvvvvvvvvateorder', 5, 567),
	('testcrevvvvvvvvvvvateorder', 5, 568),
	('testcrevvvvvvvvvvvateorder', 5, 569),
	('testcrevvvvvvvvvvvateorder', 5, 570),
	('testcrevvvvvvvvvvvateorder', 5, 571),
	('testcrevvvvvvvvvvvateorder', 5, 572),
	('testcrevvvvvvvvvvvateorder', 5, 573),
	('testcrevvvvvvvvvvvateorder', 5, 574),
	('testcrevvvvvvvvvvvateorder', 5, 575),
	('testcrevvvvvvvvvvvateorder', 5, 576),
	('testcrevvvvvvvvvvvateorder', 5, 577),
	('testcrevvvvvvvvvvvateorder', 5, 578),
	('testcrevvvvvvvvvvvateorder', 5, 579),
	('testcrevvvvvvvvvvvateorder', 5, 582),
	('testcrevvvvvvvvvvvateorder', 5, 583),
	('testcrevvvvvvvvvvvateorder', 5, 584),
	('testcrevvvvvvvvvvvateorder', 5, 585),
	('testcrevvvvvvvvvvvateorder', 5, 586),
	('testcrevvvvvvvvvvvateorder', 5, 587),
	('testcrevvvvvvvvvvvateorder', 5, 588),
	('testcrevvvvvvvvvvvateorder', 5, 589),
	('testcrevvvvvvvvvvvateorder', 5, 590),
	('testcrevvvvvvvvvvvateorder', 5, 591),
	('testcrevvvvvvvvvvvateorder', 5, 592),
	('testcrevvvvvvvvvvvateorder', 5, 593),
	('testcrevvvvvvvvvvvateorder', 5, 594),
	('testcrevvvvvvvvvvvateorder', 5, 595),
	('testcrevvvvvvvvvvvateorder', 5, 596),
	('testcrevvvvvvvvvvvateorder', 5, 597),
	('testcrevvvvvvvvvvvateorder', 5, 598),
	('testcrevvvvvvvvvvvateorder', 5, 599),
	('testcrevvvvvvvvvvvateorder', 5, 600),
	('testcrevvvvvvvvvvvateorder', 5, 601),
	('testcrevvvvvvvvvvvateorder', 5, 602),
	('testcrevvvvvvvvvvvateorder', 5, 603),
	('testcrevvvvvvvvvvvateorder', 5, 604),
	('testcrevvvvvvvvvvvateorder', 5, 606),
	('testcrevvvvvvvvvvvateorder', 5, 616),
	('testcrevvvvvvvvvvvateorder', 5, 617),
	('testcrevvvvvvvvvvvateorder', 5, 618),
	('testcrevvvvvvvvvvvateorder', 5, 619),
	('testcrevvvvvvvvvvvateorder', 5, 620),
	('testcrevvvvvvvvvvvateorder', 5, 621),
	('testcrevvvvvvvvvvvateorder', 5, 622);
/*!40000 ALTER TABLE `order` ENABLE KEYS */;

-- Listage de la structure de la table holywind_db_test. orderline
CREATE TABLE IF NOT EXISTS `orderline` (
  `id` int NOT NULL AUTO_INCREMENT,
  `product_id` int DEFAULT NULL,
  `order_id` int DEFAULT NULL,
  `quantity` int DEFAULT NULL,
  `user_id` int DEFAULT NULL,
  PRIMARY KEY (`id`)
) ENGINE=InnoDB AUTO_INCREMENT=633 DEFAULT CHARSET=utf8mb4 COLLATE=utf8mb4_0900_ai_ci;

-- Listage des données de la table holywind_db_test.orderline : ~605 rows (environ)
/*!40000 ALTER TABLE `orderline` DISABLE KEYS */;
INSERT INTO `orderline` (`id`, `product_id`, `order_id`, `quantity`, `user_id`) VALUES
	(1, 1, 1, 2, 94),
	(2, 2, 1, 3, 94),
	(3, 1, 2, 2, 94),
	(4, 2, 2, 3, 94),
	(7, 1, 4, 2, 94),
	(8, 2, 4, 3, 94),
	(15, 1, 8, 2, 94),
	(16, 2, 8, 3, 94),
	(17, 1, 9, 2, 5),
	(18, 2, 9, 6, 5),
	(19, 1, 10, 2, 5),
	(20, 2, 10, 7, 5),
	(21, 1, 11, 2, 5),
	(22, 2, 11, 8, 5),
	(23, 1, 12, 2, 5),
	(24, 2, 12, 9, 5),
	(25, 1, 13, 2, 5),
	(26, 2, 13, 10, 5),
	(27, 1, 14, 2, 5),
	(28, 2, 14, 11, 5),
	(29, 2, 16, 1, 5),
	(30, 2, 17, 2, 5),
	(31, 2, 18, 3, 5),
	(32, 2, 19, 4, 5),
	(33, 2, 20, 5, 5),
	(34, 2, 21, 6, 5),
	(35, 2, 22, 7, 5),
	(36, 2, 23, 8, 5),
	(37, 2, 24, 9, 5),
	(38, 2, 25, 10, 5),
	(39, 2, 26, 11, 5),
	(40, 2, 27, 12, 5),
	(41, 2, 28, 13, 5),
	(42, 2, 29, 14, 5),
	(43, 2, 30, 15, 5),
	(44, 2, 31, 16, 5),
	(45, 2, 32, 17, 5),
	(46, 2, 33, 18, 5),
	(47, 2, 34, 19, 5),
	(48, 2, 35, 20, 5),
	(49, 2, 36, 21, 5),
	(50, 2, 37, 22, 5),
	(51, 2, 38, 23, 5),
	(52, 2, 39, 24, 5),
	(53, 2, 40, 25, 5),
	(54, 2, 41, 26, 5),
	(55, 2, 42, 27, 5),
	(56, 2, 43, 28, 5),
	(57, 2, 44, 29, 5),
	(58, 2, 45, 30, 5),
	(59, 2, 46, 31, 5),
	(60, 2, 47, 32, 5),
	(61, 2, 48, 33, 5),
	(62, 2, 49, 34, 5),
	(63, 2, 50, 35, 5),
	(64, 2, 51, 36, 5),
	(65, 2, 52, 37, 5),
	(66, 2, 53, 38, 5),
	(67, 2, 54, 39, 5),
	(68, 2, 55, 40, 5),
	(69, 2, 56, 41, 5),
	(70, 2, 57, 42, 5),
	(71, 2, 58, 43, 5),
	(72, 2, 59, 44, 5),
	(73, 2, 60, 45, 5),
	(74, 2, 61, 46, 5),
	(75, 2, 62, 47, 5),
	(76, 2, 63, 48, 5),
	(77, 2, 64, 49, 5),
	(78, 2, 65, 50, 5),
	(79, 2, 66, 51, 5),
	(91, 2, 78, 63, 5),
	(92, 2, 79, 64, 5),
	(93, 2, 80, 65, 5),
	(94, 2, 81, 66, 5),
	(95, 2, 82, 67, 5),
	(96, 2, 83, 68, 5),
	(97, 2, 84, 69, 5),
	(100, 2, 87, 72, 5),
	(101, 2, 88, 73, 5),
	(102, 2, 89, 74, 5),
	(103, 2, 90, 75, 5),
	(104, 2, 91, 76, 5),
	(105, 2, 92, 77, 5),
	(106, 2, 93, 78, 5),
	(107, 2, 94, 79, 5),
	(108, 2, 95, 80, 5),
	(109, 2, 96, 81, 5),
	(110, 2, 97, 82, 5),
	(111, 2, 98, 83, 5),
	(112, 2, 99, 84, 5),
	(113, 2, 100, 85, 5),
	(114, 2, 101, 86, 5),
	(115, 2, 102, 87, 5),
	(116, 2, 103, 88, 5),
	(117, 2, 104, 89, 5),
	(118, 2, 105, 90, 5),
	(119, 2, 106, 91, 5),
	(120, 2, 107, 92, 5),
	(121, 2, 108, 93, 5),
	(122, 2, 109, 94, 5),
	(123, 2, 110, 95, 5),
	(124, 2, 111, 96, 5),
	(125, 2, 112, 97, 5),
	(127, 2, 114, 99, 5),
	(128, 2, 115, 100, 5),
	(129, 2, 116, 101, 5),
	(130, 2, 117, 102, 5),
	(131, 2, 118, 103, 5),
	(132, 2, 119, 104, 5),
	(133, 2, 120, 105, 5),
	(134, 2, 121, 106, 5),
	(135, 2, 122, 107, 5),
	(136, 2, 123, 108, 5),
	(137, 2, 124, 109, 5),
	(138, 2, 125, 110, 5),
	(139, 2, 126, 111, 5),
	(140, 2, 127, 112, 5),
	(141, 2, 128, 113, 5),
	(142, 2, 129, 114, 5),
	(143, 2, 130, 115, 5),
	(144, 2, 131, 116, 5),
	(145, 2, 132, 117, 5),
	(146, 2, 133, 118, 5),
	(147, 2, 134, 119, 5),
	(148, 2, 135, 120, 5),
	(149, 2, 136, 121, 5),
	(150, 2, 137, 122, 5),
	(151, 2, 138, 123, 5),
	(152, 2, 139, 124, 5),
	(153, 2, 140, 125, 5),
	(154, 2, 141, 126, 5),
	(155, 2, 142, 127, 5),
	(156, 2, 143, 128, 5),
	(157, 2, 144, 129, 5),
	(158, 2, 145, 130, 5),
	(159, 2, 146, 131, 5),
	(160, 2, 147, 132, 5),
	(161, 2, 148, 133, 5),
	(162, 2, 149, 134, 5),
	(163, 2, 150, 135, 5),
	(164, 2, 151, 136, 5),
	(165, 2, 152, 137, 5),
	(166, 2, 153, 138, 5),
	(167, 2, 154, 139, 5),
	(168, 2, 155, 140, 5),
	(169, 2, 156, 141, 5),
	(170, 2, 157, 142, 5),
	(171, 2, 158, 143, 5),
	(172, 2, 159, 144, 5),
	(173, 2, 160, 145, 5),
	(174, 2, 161, 146, 5),
	(175, 2, 162, 147, 5),
	(176, 2, 163, 148, 5),
	(177, 2, 164, 149, 5),
	(178, 2, 165, 150, 5),
	(179, 2, 166, 151, 5),
	(180, 2, 167, 152, 5),
	(181, 2, 168, 153, 5),
	(182, 2, 169, 154, 5),
	(183, 2, 170, 155, 5),
	(184, 2, 171, 156, 5),
	(185, 2, 172, 157, 5),
	(186, 2, 173, 158, 5),
	(187, 2, 174, 159, 5),
	(188, 2, 175, 160, 5),
	(189, 2, 176, 161, 5),
	(190, 2, 177, 162, 5),
	(191, 2, 178, 163, 5),
	(192, 2, 179, 164, 5),
	(193, 2, 180, 165, 5),
	(194, 2, 181, 166, 5),
	(195, 2, 182, 167, 5),
	(196, 2, 183, 168, 5),
	(197, 2, 184, 169, 5),
	(198, 2, 185, 170, 5),
	(199, 2, 186, 171, 5),
	(200, 2, 187, 172, 5),
	(201, 2, 188, 173, 5),
	(202, 2, 189, 174, 5),
	(203, 2, 190, 175, 5),
	(204, 2, 191, 176, 5),
	(205, 2, 192, 177, 5),
	(206, 2, 193, 178, 5),
	(207, 2, 194, 179, 5),
	(208, 2, 195, 180, 5),
	(209, 2, 196, 181, 5),
	(210, 2, 197, 182, 5),
	(211, 2, 198, 183, 5),
	(212, 2, 199, 184, 5),
	(213, 2, 200, 185, 5),
	(214, 2, 201, 186, 5),
	(215, 2, 202, 187, 5),
	(216, 2, 203, 188, 5),
	(217, 2, 204, 189, 5),
	(218, 2, 205, 190, 5),
	(219, 2, 206, 191, 5),
	(220, 2, 207, 192, 5),
	(221, 2, 208, 193, 5),
	(222, 2, 209, 194, 5),
	(223, 2, 210, 195, 5),
	(224, 2, 211, 196, 5),
	(225, 2, 212, 197, 5),
	(226, 2, 213, 198, 5),
	(227, 2, 214, 199, 5),
	(228, 2, 215, 200, 5),
	(229, 2, 216, 201, 5),
	(230, 2, 217, 202, 5),
	(231, 2, 218, 203, 5),
	(232, 2, 219, 204, 5),
	(233, 2, 220, 205, 5),
	(234, 2, 221, 206, 5),
	(235, 2, 222, 207, 5),
	(236, 2, 223, 208, 5),
	(237, 2, 224, 209, 5),
	(238, 2, 225, 210, 5),
	(239, 2, 226, 211, 5),
	(240, 2, 227, 212, 5),
	(241, 2, 228, 213, 5),
	(242, 2, 229, 214, 5),
	(243, 2, 230, 215, 5),
	(244, 2, 231, 216, 5),
	(245, 2, 232, 217, 5),
	(246, 2, 233, 218, 5),
	(247, 2, 234, 219, 5),
	(248, 2, 235, 220, 5),
	(249, 2, 236, 221, 5),
	(250, 2, 237, 222, 5),
	(251, 2, 238, 223, 5),
	(252, 2, 239, 224, 5),
	(253, 2, 240, 225, 5),
	(254, 2, 241, 226, 5),
	(255, 2, 242, 227, 5),
	(256, 2, 243, 228, 5),
	(257, 2, 244, 229, 5),
	(258, 2, 245, 230, 5),
	(259, 2, 246, 231, 5),
	(260, 2, 247, 232, 5),
	(261, 2, 248, 233, 5),
	(262, 2, 249, 234, 5),
	(263, 2, 250, 235, 5),
	(264, 2, 251, 236, 5),
	(265, 2, 252, 237, 5),
	(266, 2, 253, 238, 5),
	(267, 2, 254, 239, 5),
	(268, 2, 255, 240, 5),
	(269, 2, 256, 241, 5),
	(270, 2, 257, 242, 5),
	(271, 2, 258, 243, 5),
	(272, 2, 259, 244, 5),
	(273, 2, 260, 245, 5),
	(274, 2, 261, 246, 5),
	(275, 2, 262, 247, 5),
	(276, 2, 263, 248, 5),
	(277, 2, 264, 249, 5),
	(278, 2, 265, 250, 5),
	(279, 2, 266, 251, 5),
	(280, 2, 267, 252, 5),
	(281, 2, 268, 253, 5),
	(282, 2, 269, 254, 5),
	(283, 2, 270, 255, 5),
	(284, 2, 271, 256, 5),
	(285, 2, 273, 257, 5),
	(286, 2, 274, 1, 5),
	(287, 2, 275, 258, 5),
	(288, 2, 277, 2, 5),
	(289, 2, 276, 259, 5),
	(290, 2, 278, 3, 5),
	(291, 2, 279, 260, 5),
	(292, 2, 280, 4, 5),
	(293, 2, 281, 261, 5),
	(294, 2, 282, 5, 5),
	(295, 2, 283, 262, 5),
	(296, 2, 285, 6, 5),
	(297, 2, 284, 263, 5),
	(298, 2, 286, 264, 5),
	(299, 2, 287, 7, 5),
	(300, 2, 288, 8, 5),
	(301, 2, 289, 265, 5),
	(302, 2, 290, 266, 5),
	(303, 2, 291, 9, 5),
	(304, 2, 292, 267, 5),
	(305, 2, 293, 10, 5),
	(306, 2, 294, 268, 5),
	(307, 2, 295, 11, 5),
	(308, 2, 296, 269, 5),
	(309, 2, 297, 12, 5),
	(310, 2, 298, 270, 5),
	(311, 2, 299, 13, 5),
	(312, 2, 300, 271, 5),
	(313, 2, 301, 14, 5),
	(314, 2, 302, 272, 5),
	(315, 2, 303, 15, 5),
	(316, 2, 304, 273, 5),
	(317, 2, 305, 16, 5),
	(318, 2, 306, 274, 5),
	(319, 2, 307, 17, 5),
	(320, 2, 308, 275, 5),
	(321, 2, 309, 18, 5),
	(322, 2, 310, 276, 5),
	(323, 2, 311, 19, 5),
	(324, 2, 312, 277, 5),
	(325, 2, 313, 20, 5),
	(326, 2, 314, 278, 5),
	(327, 2, 315, 21, 5),
	(328, 2, 316, 279, 5),
	(329, 2, 317, 22, 5),
	(330, 2, 319, 23, 5),
	(331, 2, 318, 280, 5),
	(332, 2, 320, 24, 5),
	(333, 2, 321, 281, 5),
	(334, 2, 323, 25, 5),
	(335, 2, 322, 282, 5),
	(336, 2, 324, 283, 5),
	(337, 2, 325, 26, 5),
	(338, 2, 326, 284, 5),
	(339, 2, 327, 27, 5),
	(340, 2, 329, 28, 5),
	(341, 2, 328, 285, 5),
	(342, 2, 330, 286, 5),
	(343, 2, 331, 29, 5),
	(344, 2, 333, 287, 5),
	(345, 2, 332, 30, 5),
	(346, 2, 334, 31, 5),
	(347, 2, 335, 288, 5),
	(348, 2, 336, 32, 5),
	(349, 2, 337, 289, 5),
	(350, 2, 338, 33, 5),
	(351, 2, 339, 290, 5),
	(352, 2, 340, 34, 5),
	(353, 2, 341, 291, 5),
	(354, 2, 342, 35, 5),
	(355, 2, 343, 292, 5),
	(356, 2, 344, 36, 5),
	(357, 2, 345, 293, 5),
	(358, 2, 346, 37, 5),
	(359, 2, 347, 294, 5),
	(360, 2, 348, 38, 5),
	(361, 2, 349, 295, 5),
	(362, 2, 350, 39, 5),
	(363, 2, 351, 296, 5),
	(364, 2, 352, 40, 5),
	(365, 2, 353, 297, 5),
	(366, 2, 354, 41, 5),
	(367, 2, 355, 298, 5),
	(368, 2, 356, 42, 5),
	(369, 2, 357, 299, 5),
	(370, 2, 358, 43, 5),
	(371, 2, 359, 300, 5),
	(372, 2, 360, 44, 5),
	(373, 2, 361, 301, 5),
	(374, 2, 362, 45, 5),
	(375, 2, 363, 302, 5),
	(376, 2, 364, 46, 5),
	(377, 2, 365, 303, 5),
	(378, 2, 366, 47, 5),
	(379, 2, 367, 48, 5),
	(380, 2, 368, 304, 5),
	(381, 2, 370, 49, 5),
	(382, 2, 369, 305, 5),
	(383, 2, 371, 50, 5),
	(384, 2, 372, 306, 5),
	(385, 2, 373, 51, 5),
	(386, 2, 374, 307, 5),
	(387, 2, 375, 308, 5),
	(388, 2, 376, 52, 5),
	(389, 2, 377, 309, 5),
	(390, 2, 378, 53, 5),
	(391, 2, 379, 310, 5),
	(392, 2, 380, 54, 5),
	(393, 2, 381, 311, 5),
	(394, 2, 382, 55, 5),
	(395, 2, 383, 312, 5),
	(396, 2, 384, 56, 5),
	(397, 2, 385, 313, 5),
	(398, 2, 386, 57, 5),
	(400, 2, 388, 58, 5),
	(401, 2, 389, 59, 5),
	(402, 2, 390, 60, 5),
	(403, 2, 391, 61, 5),
	(404, 2, 392, 62, 5),
	(405, 2, 393, 63, 5),
	(406, 2, 394, 64, 5),
	(407, 2, 395, 65, 5),
	(408, 2, 396, 66, 5),
	(409, 2, 397, 67, 5),
	(410, 2, 398, 68, 5),
	(411, 2, 399, 69, 5),
	(412, 2, 400, 70, 5),
	(413, 2, 401, 71, 5),
	(414, 2, 402, 72, 5),
	(415, 2, 403, 73, 5),
	(416, 2, 404, 74, 5),
	(417, 2, 405, 75, 5),
	(418, 2, 406, 76, 5),
	(419, 2, 407, 77, 5),
	(420, 2, 408, 78, 5),
	(421, 2, 409, 79, 5),
	(422, 2, 410, 80, 5),
	(423, 2, 411, 81, 5),
	(424, 2, 412, 82, 5),
	(425, 2, 413, 83, 5),
	(426, 2, 414, 84, 5),
	(427, 2, 415, 85, 5),
	(428, 2, 416, 86, 5),
	(429, 2, 417, 87, 5),
	(430, 2, 418, 88, 5),
	(431, 2, 419, 89, 5),
	(432, 2, 420, 90, 5),
	(433, 2, 421, 91, 5),
	(434, 2, 422, 92, 5),
	(435, 2, 423, 93, 5),
	(436, 2, 424, 94, 5),
	(437, 2, 425, 95, 5),
	(438, 2, 426, 96, 5),
	(439, 2, 427, 97, 5),
	(440, 2, 428, 98, 5),
	(441, 2, 429, 99, 5),
	(442, 2, 430, 100, 5),
	(443, 2, 431, 101, 5),
	(444, 2, 432, 102, 5),
	(445, 2, 433, 103, 5),
	(446, 2, 434, 104, 5),
	(447, 2, 435, 105, 5),
	(448, 2, 436, 106, 5),
	(449, 2, 437, 107, 5),
	(450, 2, 438, 108, 5),
	(451, 2, 439, 109, 5),
	(452, 2, 440, 110, 5),
	(453, 2, 441, 111, 5),
	(454, 2, 442, 112, 5),
	(455, 2, 443, 113, 5),
	(456, 2, 444, 114, 5),
	(457, 2, 445, 115, 5),
	(458, 2, 446, 116, 5),
	(459, 2, 447, 117, 5),
	(460, 2, 448, 118, 5),
	(461, 2, 449, 119, 5),
	(462, 2, 450, 120, 5),
	(463, 2, 451, 121, 5),
	(464, 2, 452, 122, 5),
	(465, 2, 453, 123, 5),
	(466, 2, 454, 124, 5),
	(467, 2, 455, 125, 5),
	(468, 2, 456, 126, 5),
	(469, 2, 457, 127, 5),
	(470, 2, 458, 128, 5),
	(471, 2, 459, 129, 5),
	(472, 2, 460, 130, 5),
	(473, 2, 461, 131, 5),
	(474, 2, 462, 132, 5),
	(475, 2, 463, 133, 5),
	(476, 2, 464, 134, 5),
	(477, 2, 465, 135, 5),
	(478, 2, 466, 136, 5),
	(479, 2, 468, 1, 5),
	(480, 2, 469, 2, 5),
	(481, 2, 470, 3, 5),
	(482, 2, 471, 4, 5),
	(483, 2, 472, 5, 5),
	(484, 2, 473, 6, 5),
	(485, 2, 474, 7, 5),
	(486, 2, 475, 8, 5),
	(487, 2, 476, 9, 5),
	(488, 2, 477, 10, 5),
	(489, 2, 478, 11, 5),
	(490, 2, 479, 12, 5),
	(491, 2, 480, 13, 5),
	(492, 2, 481, 14, 5),
	(493, 2, 482, 15, 5),
	(494, 2, 483, 16, 5),
	(495, 2, 484, 17, 5),
	(496, 2, 485, 18, 5),
	(497, 2, 486, 19, 5),
	(498, 2, 487, 20, 5),
	(499, 2, 488, 21, 5),
	(500, 2, 489, 22, 5),
	(501, 2, 490, 23, 5),
	(502, 2, 491, 24, 5),
	(503, 2, 492, 314, 5),
	(504, 2, 493, 315, 5),
	(505, 2, 494, 316, 5),
	(506, 2, 495, 317, 5),
	(507, 2, 496, 318, 5),
	(508, 2, 497, 319, 5),
	(509, 2, 498, 320, 5),
	(510, 2, 499, 321, 5),
	(511, 2, 500, 322, 5),
	(512, 2, 501, 323, 5),
	(513, 2, 502, 324, 5),
	(514, 2, 503, 325, 5),
	(515, 2, 504, 326, 5),
	(516, 2, 505, 327, 5),
	(517, 2, 506, 328, 5),
	(518, 2, 507, 329, 5),
	(519, 2, 508, 330, 5),
	(520, 2, 509, 331, 5),
	(521, 2, 510, 332, 5),
	(522, 2, 511, 333, 5),
	(523, 2, 512, 334, 5),
	(524, 2, 513, 335, 5),
	(525, 2, 514, 336, 5),
	(526, 2, 515, 337, 5),
	(527, 2, 516, 338, 5),
	(528, 2, 517, 339, 5),
	(529, 2, 518, 340, 5),
	(530, 2, 519, 341, 5),
	(531, 2, 520, 342, 5),
	(532, 2, 521, 343, 5),
	(533, 2, 522, 344, 5),
	(534, 2, 523, 345, 5),
	(535, 2, 524, 346, 5),
	(536, 2, 525, 347, 5),
	(537, 2, 526, 348, 5),
	(538, 2, 527, 349, 5),
	(539, 2, 528, 350, 5),
	(540, 2, 529, 351, 5),
	(541, 2, 530, 352, 5),
	(542, 2, 531, 353, 5),
	(543, 2, 532, 354, 5),
	(544, 2, 533, 355, 5),
	(545, 2, 534, 356, 5),
	(546, 2, 535, 357, 5),
	(547, 2, 536, 358, 5),
	(548, 2, 537, 359, 5),
	(549, 2, 538, 360, 5),
	(550, 2, 539, 361, 5),
	(551, 2, 540, 362, 5),
	(552, 2, 542, 1, 5),
	(553, 2, 543, 2, 5),
	(554, 2, 544, 4, 5),
	(555, 2, 545, 5, 5),
	(556, 2, 546, 6, 5),
	(557, 2, 547, 7, 5),
	(558, 2, 548, 8, 5),
	(559, 2, 549, 9, 5),
	(560, 2, 550, 10, 5),
	(561, 2, 551, 11, 5),
	(562, 2, 552, 12, 5),
	(563, 2, 553, 13, 5),
	(564, 2, 554, 14, 5),
	(565, 2, 555, 15, 5),
	(566, 2, 556, 16, 5),
	(567, 2, 557, 17, 5),
	(568, 2, 558, 18, 5),
	(569, 2, 559, 19, 5),
	(570, 2, 560, 20, 5),
	(571, 2, 561, 21, 5),
	(572, 2, 562, 22, 5),
	(573, 2, 563, 23, 5),
	(574, 2, 564, 24, 5),
	(575, 2, 565, 25, 5),
	(576, 2, 566, 26, 5),
	(577, 2, 567, 27, 5),
	(578, 2, 568, 28, 5),
	(579, 2, 569, 29, 5),
	(580, 2, 570, 30, 5),
	(581, 2, 571, 31, 5),
	(582, 2, 572, 32, 5),
	(583, 2, 573, 33, 5),
	(584, 2, 574, 34, 5),
	(585, 2, 575, 35, 5),
	(586, 2, 576, 36, 5),
	(587, 2, 577, 37, 5),
	(588, 2, 578, 38, 5),
	(589, 2, 579, 39, 5),
	(592, 2, 582, 42, 5),
	(593, 2, 583, 43, 5),
	(594, 2, 584, 44, 5),
	(595, 2, 585, 45, 5),
	(596, 2, 586, 46, 5),
	(597, 2, 587, 47, 5),
	(598, 2, 588, 48, 5),
	(599, 2, 589, 49, 5),
	(600, 2, 590, 50, 5),
	(601, 2, 591, 51, 5),
	(602, 2, 592, 52, 5),
	(603, 2, 593, 53, 5),
	(604, 2, 594, 54, 5),
	(605, 2, 595, 55, 5),
	(606, 2, 596, 56, 5),
	(607, 2, 597, 57, 5),
	(608, 2, 598, 58, 5),
	(609, 2, 599, 59, 5),
	(610, 2, 600, 60, 5),
	(611, 2, 601, 61, 5),
	(612, 2, 602, 62, 5),
	(613, 2, 603, 63, 5),
	(614, 2, 604, 64, 5),
	(616, 2, 606, 66, 5),
	(626, 2, 616, 76, 5),
	(627, 2, 617, 77, 5),
	(628, 2, 618, 78, 5),
	(629, 2, 619, 79, 5),
	(630, 2, 620, 80, 5),
	(631, 2, 621, 81, 5),
	(632, 2, 622, 82, 5);
/*!40000 ALTER TABLE `orderline` ENABLE KEYS */;

-- Listage de la structure de la table holywind_db_test. product
CREATE TABLE IF NOT EXISTS `product` (
  `id` int NOT NULL AUTO_INCREMENT,
  `name` varchar(255) DEFAULT NULL,
  `price` decimal(6,2) DEFAULT NULL,
  `description` varchar(255) CHARACTER SET utf8mb4 COLLATE utf8mb4_0900_ai_ci DEFAULT NULL,
  `quantity` varchar(10) DEFAULT NULL,
  `img` varchar(255) DEFAULT NULL,
  PRIMARY KEY (`id`)
) ENGINE=InnoDB AUTO_INCREMENT=6 DEFAULT CHARSET=utf8mb4 COLLATE=utf8mb4_0900_ai_ci;

-- Listage des données de la table holywind_db_test.product : ~3 rows (environ)
/*!40000 ALTER TABLE `product` DISABLE KEYS */;
INSERT INTO `product` (`id`, `name`, `price`, `description`, `quantity`, `img`) VALUES
	(1, 'Cabrinha FX 10m2 2020', 900.00, 'freestyle', '50', 'fx.png'),
	(2, 'Cabrinha drifter 12m2 2020', 950.00, 'freeride', '49', 'drifter.png'),
	(3, 'Cabrinha moto 11m2 2020', 850.00, 'debutant', '48', 'moto.png');
/*!40000 ALTER TABLE `product` ENABLE KEYS */;

-- Listage de la structure de la table holywind_db_test. user
CREATE TABLE IF NOT EXISTS `user` (
  `id` int NOT NULL AUTO_INCREMENT,
  `pseudo` varchar(255) DEFAULT NULL,
  `password` varchar(255) DEFAULT NULL,
  `email` varchar(255) CHARACTER SET utf8mb4 COLLATE utf8mb4_0900_ai_ci DEFAULT NULL,
  PRIMARY KEY (`id`)
) ENGINE=InnoDB AUTO_INCREMENT=624 DEFAULT CHARSET=utf8mb4 COLLATE=utf8mb4_0900_ai_ci;

-- Listage des données de la table holywind_db_test.user : ~75 rows (environ)
/*!40000 ALTER TABLE `user` DISABLE KEYS */;
INSERT INTO `user` (`id`, `pseudo`, `password`, `email`) VALUES
	(1, 'dcTgRqFaRE', '7jqNWHMuY0', 'TXljPNjXKj@gmail.com'),
	(2, 'qbWUqTlHve', 'dBnPzdUIXa', 'YuKcZTfRPf@gmail.com'),
	(3, 'aa', 'aa', 'aa@gmail.com'),
	(5, 'test', 'a94a8fe5ccb19ba61c4c0873d391e987982fbbd3', 'test@gmail.com'),
	(6, 'RZCXNYattd', 'j8Etfv7nSt', 'JffHbygSWj@gmail.com'),
	(7, 'FKYiDNxAaU', 's12SJdctAW', 'OnZnNUXbAd@gmail.com'),
	(8, 'xiNDjJDmor', 'pjsxfDINkP', 'zetUWXaeMH@gmail.com'),
	(9, 'kZrsETiXbb', 'v8ZYxzor21', 'aSLgufKOtQ@gmail.com'),
	(10, 'vJWQIQfKQR', 'Uupe6XEubW', 'SrShFsMoIG@gmail.com'),
	(11, 'weySnxtTGk', 'Le6blZvH1d', 'EJiiHIyovF@gmail.com'),
	(12, 'FtVGmKIwjf', '6KJnGSK7PZ', 'xXXWXGRgCG@gmail.com'),
	(13, 'LwTclKzyFY', 'SiINsoQZWt', 'XBzBhWAcLD@gmail.com'),
	(14, 'SrCxIDEGac', '73Q7emkXBz', 'grtskQYPha@gmail.com'),
	(15, 'OXffsmDGju', 'idJavpduIo', 'QxPefJFWcI@gmail.com'),
	(16, 'EFqZRWMxCj', 'Gm9pVgIwNQ', 'ZKsCgOxWww@gmail.com'),
	(17, 'ryqUKJdOWp', '3g4TgRZpZ6', 'LwAShARoJq@gmail.com'),
	(18, 'waoDiwBezp', 'b0hA09EcZn', 'rjBTmlsCjG@gmail.com'),
	(19, 'trSmmjuxhX', 'lQpdFdPmWv', 'rKnisxoyHs@gmail.com'),
	(20, 'JgHUduCZeb', 'IeCwf8VRhG', 'pjjlWpQTwS@gmail.com'),
	(21, 'NRNyYEfRNY', 'YIk4lpBw7O', 'TCQvGKMiCj@gmail.com'),
	(22, 'WviWMQKTyl', 'OF5ynLOOVu', 'acRFKznrVC@gmail.com'),
	(23, 'IsqHvSYcDT', 'W8x4n1ENWg', 'OVwQAMFAgJ@gmail.com'),
	(24, 'xskmeETXqm', 'UdAl5vLnqL', 'pYUGpRFCcX@gmail.com'),
	(25, 'wUVMrdysih', 'loiFl3KSlH', 'ewoWwtpgfZ@gmail.com'),
	(26, 'aItCwYDtEN', 'kiauug2Csi', 'CCuCiPImxi@gmail.com'),
	(27, 'yocgkgbXJj', 'ldXNYFKqpY', 'uupiLLwyVX@gmail.com'),
	(28, 'ELtEesZZOC', 'Vfy7jf84hQ', 'gbtXbxpCfC@gmail.com'),
	(29, 'cMxbgUxaTj', '283AYfeFGJ', 'NHisiqsrPp@gmail.com'),
	(30, 'vEgpjfbkHK', 'dI9txRgaDy', 'efANYsNHnt@gmail.com'),
	(31, 'kdKNrlAGnb', 'dcBp0mlvV8', 'qtJvQrwOJS@gmail.com'),
	(32, 'TELizaYMwk', 'KbOYVCNhzB', 'OZnYyHZYex@gmail.com'),
	(33, 'OOwkJfvrDj', 'AOey5nB5ZW', 'IXmrkqqySW@gmail.com'),
	(34, 'MdaOsSbhqV', 'okeraRf8R3', 'UgAnVjNORK@gmail.com'),
	(35, 'CwhKfBjeIb', 'pmEo4RUs4n', 'qGZfMtdVUc@gmail.com'),
	(36, 'kwIWUtMvTc', 'pjRGCgn23f', 'TdbeNXKyzy@gmail.com'),
	(37, 'waVwomteLW', 'V4R98tdu8r', 'lRwCbjZSfr@gmail.com'),
	(38, 'owbLqBWlgE', 'snsYESgCOC', 'FGCSrxaniD@gmail.com'),
	(39, 'rknLvXNMyw', 'dvMwywleXN', 'OvrfqWWibS@gmail.com'),
	(40, 'UPNQgNiUpR', 'k9JT0RoqQo', 'QpEImlslmz@gmail.com'),
	(41, 'xCHQRxCSMy', 'hskKM2R0tw', 'HfjuCdljlj@gmail.com'),
	(42, 'cYZlBbkMsG', '5XoMrJbb8V', 'jFyJSCDhQr@gmail.com'),
	(43, 'fEsEwmfjvr', 'UWObh4H3dj', 'MeVCZqMmaO@gmail.com'),
	(44, 'jXekOtmhRA', 'C9fOoyXLc0', 'NwdwEgvhPz@gmail.com'),
	(45, 'bLJiTzrBCL', 'vlVO5AkrjH', 'EgYBxayIFk@gmail.com'),
	(46, 'MJpHYMSeqT', '2q1BYqGBN6', 'WIJRLrvDTS@gmail.com'),
	(47, 'DONXOarljD', 'oIGJ7VZ9qW', 'kXvVRkTKST@gmail.com'),
	(48, 'PnefQiLsXE', 'mjoII0cgNe', 'dTZicePZmd@gmail.com'),
	(49, 'SnNIVitqcE', 'wQrPzmo8o4', 'GEWBHUTrhp@gmail.com'),
	(50, 'WSkOuIRngj', 'gzwtO2kcRn', 'xiyRkZcKop@gmail.com'),
	(51, 'nVSAwiGLtx', 'J0NcbN8jU4', 'xQJMhuLwRh@gmail.com'),
	(52, 'mwWGrkGRbO', 'dmBzTUy754', 'nJOIVcCErT@gmail.com'),
	(53, 'UQdiiHbnxm', '1JUhQgNSqq', 'vHyBRTYiII@gmail.com'),
	(54, 'EEGxcHxWJx', 'INVXFq4gLx', 'wAEKLKlOmf@gmail.com'),
	(55, 'tddunxyhIH', 'pSQ8bEt04Y', 'JezgwPPYli@gmail.com'),
	(56, 'NmpzOxLorv', 'DDvbNInoOw', 'ZZUBrcMSKH@gmail.com'),
	(57, 'BgPGSlLbGD', 'LPUWpwrdNu', 'VzDKzlYssl@gmail.com'),
	(58, 'HMNpLStMmK', 'RuPYTbvk3q', 'aKboKDvNDx@gmail.com'),
	(582, 'cbKbDRQduC', 'N2NAhNsC7C', 'NmgiOXLDHJ@gmail.com'),
	(583, 'JsmlpLkmVJ', 'l4gDpJ921x', 'bWDhSGGSyG@gmail.com'),
	(598, 'YnVZFCkEJh', 'XEiL0kCXuX', 'NHMDZFoGaQ@gmail.com'),
	(599, 'EUMwofsmcv', 'X1gpaSXXQA', 'xjOidMGRXk@gmail.com'),
	(600, 'yxMTflCnDb', 'pkScIDQ25k', 'cMZYmvLeIE@gmail.com'),
	(601, 'KugpqjrEav', 'aN3m13uVIB', 'mTqzLenIhJ@gmail.com'),
	(602, 'tOBGtStkMJ', 'QwHB7DR5B1', 'tCNostIDhe@gmail.com'),
	(604, 'MTZtZFIdtH', 'x3nBpgtA04', 'yhATpwetfA@gmail.com'),
	(605, 'tmmWTbnglg', 'keWcINQhbJ', 'mWHCdDROnM@gmail.com'),
	(606, 'PfvzpYiMrL', 'QsklqoEtWt', 'brPEJscixP@gmail.com'),
	(616, 'zoLnRFXUJc', 'cGE7rVX467', 'PYJuJFLRMN@gmail.com'),
	(617, 'yVcEdgqUYj', '77y76YrYfQ', 'gozCNRlddy@gmail.com'),
	(618, 'MQyFfuSSde', 'JNXSP3HVlT', 'zVCkdEgAGf@gmail.com'),
	(619, 'TmJXfeZhhn', '9pg0938FTO', 'gDHqBxtDrK@gmail.com'),
	(620, 'mTojrPNOst', 'sas9Bj6zmo', 'OISBzDjTFF@gmail.com'),
	(621, 'iPQzLJQXbz', 'QQROrTSRdB', 'MpTGodUGWY@gmail.com'),
	(622, 'zIqoyqCwLC', 'eRCmTtqxVQ', 'HgqWHFszqb@gmail.com'),
	(623, 'fro', 'a924a6bad2bca34c9fa59916cdca897b0c9433ba', 'fro@gmail.com');
/*!40000 ALTER TABLE `user` ENABLE KEYS */;

/*!40101 SET SQL_MODE=IFNULL(@OLD_SQL_MODE, '') */;
/*!40014 SET FOREIGN_KEY_CHECKS=IF(@OLD_FOREIGN_KEY_CHECKS IS NULL, 1, @OLD_FOREIGN_KEY_CHECKS) */;
/*!40101 SET CHARACTER_SET_CLIENT=@OLD_CHARACTER_SET_CLIENT */;
